-- MySQL Script generated by MySQL Workbench
-- Mon May 11 19:33:53 2020
-- Model: New Model    Version: 1.0
-- MySQL Workbench Forward Engineering

SET @OLD_UNIQUE_CHECKS=@@UNIQUE_CHECKS, UNIQUE_CHECKS=0;
SET @OLD_FOREIGN_KEY_CHECKS=@@FOREIGN_KEY_CHECKS, FOREIGN_KEY_CHECKS=0;
SET @OLD_SQL_MODE=@@SQL_MODE, SQL_MODE='ONLY_FULL_GROUP_BY,STRICT_TRANS_TABLES,NO_ZERO_IN_DATE,NO_ZERO_DATE,ERROR_FOR_DIVISION_BY_ZERO,NO_ENGINE_SUBSTITUTION';

-- -----------------------------------------------------
-- Schema mydb
-- -----------------------------------------------------

-- -----------------------------------------------------
-- Schema mydb
-- -----------------------------------------------------
CREATE SCHEMA IF NOT EXISTS `mydb` DEFAULT CHARACTER SET utf8 ;
USE `mydb` ;

-- -----------------------------------------------------
-- Table `mydb`.`USER`
-- -----------------------------------------------------
CREATE TABLE IF NOT EXISTS `mydb`.`USER` (
  `USER_ID` INT NOT NULL,
  `NAME` VARCHAR(45) NOT NULL,
  PRIMARY KEY (`USER_ID`),
  UNIQUE INDEX `USER_ID_UNIQUE` (`USER_ID` ASC) VISIBLE,
  UNIQUE INDEX `NAME_UNIQUE` (`NAME` ASC) VISIBLE)
ENGINE = InnoDB;


-- -----------------------------------------------------
-- Table `mydb`.`POST`
-- -----------------------------------------------------
CREATE TABLE IF NOT EXISTS `mydb`.`POST` (
  `POST_ID` INT NOT NULL,
  `USER_ID` INT NOT NULL,
  `DESCRIPTION` VARCHAR(200) NOT NULL,
  `CREATED_AT` DATETIME NOT NULL,
  `PHOTO_LINK` VARCHAR(200) NULL,
  `LIKES` INT NULL,
  PRIMARY KEY (`POST_ID`),
  UNIQUE INDEX `POST_ID_UNIQUE` (`POST_ID` ASC) VISIBLE,
  INDEX `USER_ID_FOR_POST_idx` (`USER_ID` ASC) VISIBLE,
  CONSTRAINT `USER_ID_FOR_POST`
    FOREIGN KEY (`USER_ID`)
    REFERENCES `mydb`.`USER` (`USER_ID`)
    ON DELETE NO ACTION
    ON UPDATE NO ACTION)
ENGINE = InnoDB;


-- -----------------------------------------------------
-- Table `mydb`.`LIKE`
-- -----------------------------------------------------
CREATE TABLE IF NOT EXISTS `mydb`.`LIKE` (
  `USER_ID` INT NOT NULL,
  `POST_ID` INT NOT NULL,
  PRIMARY KEY (`USER_ID`, `POST_ID`),
  INDEX `USER_ID_FOR_LIKE_idx` (`USER_ID` ASC) VISIBLE,
  INDEX `POST_ID_FOR_LIKE_idx` (`POST_ID` ASC) VISIBLE,
  CONSTRAINT `USER_ID_FOR_LIKE`
    FOREIGN KEY (`USER_ID`)
    REFERENCES `mydb`.`USER` (`USER_ID`)
    ON DELETE NO ACTION
    ON UPDATE NO ACTION,
  CONSTRAINT `POST_ID_FOR_LIKE`
    FOREIGN KEY (`POST_ID`)
    REFERENCES `mydb`.`POST` (`POST_ID`)
    ON DELETE NO ACTION
    ON UPDATE NO ACTION)
ENGINE = InnoDB;


-- -----------------------------------------------------
-- Table `mydb`.`TAG`
-- -----------------------------------------------------
CREATE TABLE IF NOT EXISTS `mydb`.`TAG` (
  `TAG_ID` INT NOT NULL,
  `TAG_NAME` VARCHAR(45) NOT NULL,
  PRIMARY KEY (`TAG_ID`),
  UNIQUE INDEX `TAG_NAME_UNIQUE` (`TAG_NAME` ASC) VISIBLE)
ENGINE = InnoDB;


-- -----------------------------------------------------
-- Table `mydb`.`TAG_IN_POST`
-- -----------------------------------------------------
CREATE TABLE IF NOT EXISTS `mydb`.`TAG_IN_POST` (
  `TAG_ID` INT NOT NULL,
  `POST_ID` INT NOT NULL,
  PRIMARY KEY (`TAG_ID`, `POST_ID`),
  INDEX `POST_ID_FOR_TAGS_idx` (`POST_ID` ASC) VISIBLE,
  INDEX `TAG_ID_FOR_TAGS_idx` (`TAG_ID` ASC) VISIBLE,
  CONSTRAINT `POST_ID_FOR_TAGS`
    FOREIGN KEY (`POST_ID`)
    REFERENCES `mydb`.`POST` (`POST_ID`)
    ON DELETE NO ACTION
    ON UPDATE NO ACTION,
  CONSTRAINT `TAG_ID_FOR_TAGS`
    FOREIGN KEY (`TAG_ID`)
    REFERENCES `mydb`.`TAG` (`TAG_ID`)
    ON DELETE NO ACTION
    ON UPDATE NO ACTION)
ENGINE = InnoDB;


SET SQL_MODE=@OLD_SQL_MODE;
SET FOREIGN_KEY_CHECKS=@OLD_FOREIGN_KEY_CHECKS;
SET UNIQUE_CHECKS=@OLD_UNIQUE_CHECKS;

INSERT INTO `mydb`.`USER` VALUES (1, 'Валентинов Валентин');
INSERT INTO `mydb`.`USER` VALUES (2, 'Иванов Иван');
INSERT INTO `mydb`.`USER` VALUES (3, 'Шапиро Игорь');

INSERT INTO `mydb`.`POST` VALUES (1, 1, '1', '2020-05-11 10:00:00', NULL, 3);
INSERT INTO `mydb`.`POST` VALUES (2, 2, 'hello2', '2020-04-09 11:21:00', NULL, 1);
INSERT INTO `mydb`.`POST` VALUES (3, 1, '3', '2019-09-08 10:02:00', NULL, 0);
INSERT INTO `mydb`.`POST` VALUES (4, 1, '4', '2020-02-03 23:10:00', NULL, 1);
INSERT INTO `mydb`.`POST` VALUES (5, 3, '5', '2020-01-08 14:01:00', NULL, 1);
INSERT INTO `mydb`.`POST` VALUES (6, 1, '6', '2020-02-28 15:14:00', NULL, 2);
INSERT INTO `mydb`.`POST` VALUES (7, 2, 'hello7', '2019-05-08 23:00:00', NULL, 0);
INSERT INTO `mydb`.`POST` VALUES (8, 1, 'hello8', '2020-05-08 04:47:00', NULL, 0);
INSERT INTO `mydb`.`POST` VALUES (9, 1, '9', '2020-05-07 08:01:00', NULL, 0);
INSERT INTO `mydb`.`POST` VALUES (10, 3, '10', '2020-03-02 19:01:00', NULL, 1);

INSERT INTO `mydb`.`TAG` VALUES (1, 'tag1');
INSERT INTO `mydb`.`TAG` VALUES (2, 'tag2');
INSERT INTO `mydb`.`TAG` VALUES (3, 'tag3');
INSERT INTO `mydb`.`TAG` VALUES (4, 'tag4');
INSERT INTO `mydb`.`TAG` VALUES (5, 'tag5');

INSERT INTO `mydb`.`TAG_IN_POST` VALUES (1, 1);
INSERT INTO `mydb`.`TAG_IN_POST` VALUES (1, 2);
INSERT INTO `mydb`.`TAG_IN_POST` VALUES (2, 1);
INSERT INTO `mydb`.`TAG_IN_POST` VALUES (3, 1);
INSERT INTO `mydb`.`TAG_IN_POST` VALUES (4, 4);
INSERT INTO `mydb`.`TAG_IN_POST` VALUES (5, 5);
INSERT INTO `mydb`.`TAG_IN_POST` VALUES (2, 6);
INSERT INTO `mydb`.`TAG_IN_POST` VALUES (3, 6);
INSERT INTO `mydb`.`TAG_IN_POST` VALUES (3, 10);

INSERT INTO `mydb`.`LIKE` VALUES (1, 1);
INSERT INTO `mydb`.`LIKE` VALUES (1, 2);
INSERT INTO `mydb`.`LIKE` VALUES (2, 1);
INSERT INTO `mydb`.`LIKE` VALUES (3, 1);
INSERT INTO `mydb`.`LIKE` VALUES (3, 4);
INSERT INTO `mydb`.`LIKE` VALUES (2, 5);
INSERT INTO `mydb`.`LIKE` VALUES (2, 6);
INSERT INTO `mydb`.`LIKE` VALUES (1, 6);
INSERT INTO `mydb`.`LIKE` VALUES (3, 10);